"","wojewodztwo","rok","frekwencja","ludność w tysiącach [tys. osób]","ludność wg grup wieku i płci; 0-14;ogółem;[osoba]","ludność wg grup wieku i płci; 0-4;ogółem;[osoba]","ludność wg grup wieku i płci; 10-14;ogółem;[osoba]","ludność wg grup wieku i płci; 15-19;ogółem;[osoba]","ludność wg grup wieku i płci; 20-24;ogółem;[osoba]","ludność wg grup wieku i płci; 25-29;ogółem;[osoba]","ludność wg grup wieku i płci; 30-34;ogółem;[osoba]","ludność wg grup wieku i płci; 35-39;ogółem;[osoba]","ludność wg grup wieku i płci; 40-44;ogółem;[osoba]","ludność wg grup wieku i płci; 45-49;ogółem;[osoba]","ludność wg grup wieku i płci; 50-54;ogółem;[osoba]","ludność wg grup wieku i płci; 55-59;ogółem;[osoba]","ludność wg grup wieku i płci; 5-9;ogółem;[osoba]","ludność wg grup wieku i płci; 60-64;ogółem;[osoba]","ludność wg grup wieku i płci; 65-69;ogółem;[osoba]","ludność wg grup wieku i płci; 70 i więcej;ogółem;[osoba]","ludność wg grup wieku i płci; 70-74;ogółem;[osoba]","ludność wg grup wieku i płci; 75-79;ogółem;[osoba]","ludność wg grup wieku i płci; 80-84;ogółem;[osoba]","ludność wg grup wieku i płci; 85 i więcej;ogółem;[osoba]","produkt krajowy brutto na 1 mieszkańca [zł]","przeciętne dalsze trwanie życia; kobiety [lata]","przeciętne dalsze trwanie życia; mężczyźni [lata]","Studenci uczelni na 10 tys. ludności; ogółem [osoba]","Studenci uczelni na 10 tys. ludności; w wieku 19-24 lata [osoba]","udział ludności w wieku poprodukcyjnym [%]","udział ludności w wieku produkcyjnym [%]","udział ludności w wieku przedprodukcyjnym [%]","współczynnik feminizacji ogółem [osoba]","współczynnik obciążenia demograficznego osobami starszymi [osoba]","współczynnik skolaryzacji brutto; szkoły podstawowe [%]","współczynnik skolaryzacji brutto; szkoły policealne, w tym kolegia (wiek 19-21 lat) [%]","współczynnik skolaryzacji brutto; szkoły specjalne przysposabiające do pracy (wiek 15-18 lat) [%]","współczynnik skolaryzacji brutto; szkoły zawodowe i ogólnozawodowe [%]","współczynnik skolaryzacji netto; szkoły podstawowe [%]","absolwenci studiów na 10 tys. ludności;[osoba]","km2","gęstość zaludnienia [osób na km2]","zmiana produktu krajowego brutto na 1 mieszkańca [%, 1 rok]","zmiana produktu krajowego brutto na 1 mieszkańca [%, 2 lata]","zmiana produktu krajowego brutto na 1 mieszkańca [%, 3 lata]","zmiana produktu krajowego brutto na 1 mieszkańca [%, 4 lata]","zmiana produktu krajowego brutto na 1 mieszkańca [%, 5 lat]","przeciętne dalsze trwanie życia; ogółem [lata]","syntetyczna_zmienna_obciazenia","syntetyczna_zmienna_obciazenia2","ludność deklarująca narodowość: angielska","ludność deklarująca narodowość: białoruska","ludność deklarująca narodowość: kaszubska","ludność deklarująca narodowość: niemiecka","ludność deklarująca narodowość: niepolska","ludność deklarująca narodowość: polska","ludność deklarująca narodowość: ukraińska","ludność deklarująca narodowość: śląska","post2005"
"1","dolnośląskie",2004,0.371900213306665,2893.06,NA,0.0426856731033458,0.0610095556427375,0.0746283772690115,0.0895330368762433,0.082434658172762,0.0687187073871738,0.0580441782129963,0.066789950415737,0.0865472657795998,0.0863810055460404,0.0635615292484934,0.0490011423910019,0.0372913753800049,0.0408046165731381,0.0925689280017145,0.0377110010006723,0.0302597081631701,0.0174047849073039,0.00719343393056821,24704,78.6,70.1,575,5396,15.4,65.1,19.5,108,18.7,99.99,17.58,NA,53.09,98.19,113,19947,145.037348974783,0.0908288073475516,0.0943577981651376,0.0996367159118431,0.10225690992245,NA,74.5134615384615,0.0872622521887894,0.657013420888206,0,0,0,0.000624931466768659,0.00453412644847985,0.978683043945308,0.000580415515594141,0.000154666076968899,0
"2","dolnośląskie",2006,0.525256633764847,2882.32,NA,0.0431923345003343,0.0558456963616424,0.0685781612501331,0.0867617961521928,0.0851800825516416,0.0754965536406995,0.0598345012016374,0.0610054341698016,0.0791845588115395,0.0874251513626017,0.0766636702347452,0.0457180802805521,0.0396136164065229,0.0384315812591051,0.0970687818168508,0.0371822391499616,0.0308380375926728,0.0201400470524234,0.00890845802179288,30030,79.1,70.3,587,5775,15.7,65.8,18.5,108,18.8,98.89,18.8,NA,45,97.08,115,19947,144.498922143681,0.120815138282387,0.131031411917098,0.142932838786594,0.14848623853211,0.156793412448535,74.8692307692308,0.104583815311426,0.643607757317631,0,0,0,0.000608483345217706,0.00445924204203084,0.978686578500999,0.000574628088355591,0.000309332153937797,1
"3","dolnośląskie",2010,0.455650334408855,2917.24,NA,0.0509752019201698,0.0468205928750512,0.058101796148554,0.0720331052411833,0.0871185866650761,0.0839549821372378,0.0719264976988539,0.0579578245479806,0.0625474335005461,0.0812695689970184,0.0840691310491211,0.0427437970521472,0.067073283601429,0.0329622979512841,0.100445900614347,0.0346498507837197,0.0300650408845067,0.0219638960360505,0.0137671129100705,42035,80.2,71.7,577,6793,16.9,65.7,17.4,108,18.4,97,19.38,NA,42.15,94.24,139,19947,146.249561337544,0.0824556433960806,0.087839135324939,0.0945016675028775,0.106626706626707,0.119508826932408,76.1134615384615,0.158027275660447,0.741620292942211,0,0,0,0.000575587102115799,0.00430947322913283,0.978693647612382,0.000563053233878492,0.000618664307875594,1
"4","dolnośląskie",2014,0.481310760761669,2908.46,0.140061895362386,0.047570928502639,0.0425497093476025,0.0486966112959552,0.0613479931111239,0.0758849107963432,0.088676917004446,0.0821562773663149,0.0678304681829575,0.056697761046493,0.064119565804136,0.0813448505513405,0.0499412575121448,0.0779533615246847,0.0547028888513738,0.100526499102445,0.0300540802219184,0.0295101491959482,0.0226976021993793,0.0182646674851992,49471,81.1,73.1,470,6525,19.7,63.5,16.8,108,22,93.22,19.11,NA,42.82,91.93,126,19947,145.809394896476,0.0476704786107582,0.0474914553356682,0.0490072280762867,0.0535506125847508,0.0579661627996807,77.2538461538462,0.240689055222285,0.984867449306297,0.000237803857903249,0.000161801428898955,1.49582050153982e-05,0.000941336016211374,0.00684869769105107,0.980814312351761,0.000989472281564612,0.000919029896942977,1
"5","dolnośląskie",2018,0.609178881851539,2901.23,0.144846401089195,0.0474933864143595,0.0477763703263277,0.0431628019198787,0.0514155227533197,0.064106713543417,0.0811567527509931,0.0881899887116649,0.0797825056657102,0.0638195934475954,0.055871226809365,0.0656043567803256,0.049576644348508,0.0782958922524106,0.0706236158863928,0.113124628389732,0.0428253582538411,0.0260110815259072,0.0228579307016864,0.0214302579082974,60481,81.3,73.2,415,6858,22.6,60.4,17,108,27.4,94.88,19.89,0.88,44.39,92.92,104,19947,145.446934376097,0.0608468392619098,0.0648932787099912,0.0665222060289944,0.0701218895918821,0.0734646336298179,77.4057692307692,0.33429038432587,1.35494146819212,0.00099007227113967,0.000673643857572772,6.22769712078995e-05,0.0021695133422832,0.0152052866886829,0.987507527109879,0.00236344676464959,0.0011999972312907,1
"6","dolnośląskie",2022,0.739718304736445,2888.03,0.14575110464458,0.0441154931401407,0.0520932413168409,0.0442713085342169,0.0450157598614697,0.0590398378411881,0.072269257311118,0.0862666735456278,0.086476851199415,0.0770936481681477,0.0597825578862845,0.0548071992252166,0.0495423701875983,0.0655179494140129,0.0712076350928123,0.132500217275911,0.0601374707283469,0.0305432798032432,0.0201400053254239,0.0216794614188965,90980,80.7,72.9,398,7503,23.9,58.8,17.4,108,31.3,98.48,32.61,1,38.78,96.9,100,19947,144.785180728932,0.185438057017772,0.2120886981402,0.218402799091523,0.235313569550768,0.24963165649337,76.95,0.367200558328299,1.55373121711013,0.00169260409180274,0.00115164557475482,0.000106467234124469,0.00331431417505636,0.022999473696199,0.993758684091721,0.00364581497837637,0.00148283991950221,1
"7","kujawsko-pomorskie",2004,0.34955625922546,2068.26,NA,0.0488807489201057,0.0691789902420298,0.0796477035263492,0.0879996596169337,0.0798353010117693,0.0696571704303815,0.0617026502496304,0.0676753093666264,0.0817523732532402,0.0769338254705167,0.0605785158331311,0.0558063839230889,0.0383192038904237,0.0384149366278288,0.0836172276379446,0.0343578992562823,0.0255026210463105,0.0151779903667724,0.00857871696857936,21502,78.7,70.6,419,3960,14.3,63.8,21.9,107,17.3,101.34,16.15,NA,51.82,99.35,88,17972,115.082350322724,0.0904204067143364,0.0934290505135192,0.096639566395664,0.101711351968055,NA,74.7869565217391,0.107455184108527,0.70398917520173,0,0,0,0.000437392790799955,0.00205111517180148,0.982188499474847,0,0,0
"8","kujawsko-pomorskie",2006,0.49451611350527,2066.37,NA,0.0487531038714732,0.0635558667828768,0.0750126671347981,0.0880659862144794,0.0809477097771891,0.0742703028642969,0.0632674384222388,0.0635519952612575,0.0764441622535353,0.0787965955774641,0.0696099587150613,0.0519253318982893,0.041326557525246,0.0372779137918602,0.0871944099099339,0.0338017713179289,0.0272124415218758,0.0166959369832426,0.00948426008688662,24231,79.3,70.6,419,4041,14.7,64.4,20.9,107,17.5,100.33,19.8,NA,47.8,98.35,94,17972,114.977186734921,0.0812583668005355,0.0846897962980188,0.0923474821238399,0.0954202473276043,0.0986991869918699,75.0971014492754,0.117165267714088,0.686434223579681,0,0,0,0.000467291710742835,0.00218357850402334,0.983645518165499,0,0,1
"9","kujawsko-pomorskie",2010,0.434945269708891,2098.71,NA,0.0546740356342536,0.05340992637862,0.0655497588758052,0.0746048407808412,0.0848663775050495,0.079595046673887,0.0716554113453448,0.0619046643392063,0.0645277029567196,0.0779021027668888,0.0747682744313057,0.0478593765411245,0.0632426284514638,0.0338031296352857,0.0916367236842043,0.0326872065758458,0.0275388083447411,0.0189306674430162,0.0124800413206011,30893,79.8,71.4,403,4538,16,64.7,19.4,106,17.5,98.36,18.88,NA,47.39,95.11,104,17972,116.776652570665,0.0383154639868249,0.0394313583065269,0.0425103479136369,0.047047170979324,0.0508701472556894,75.7223300970874,0.147055190612543,0.752937704997009,0,0,0,0.000527089550628593,0.00244850516846706,0.986559555546803,0,0,1
"10","kujawsko-pomorskie",2014,0.450199470969626,2089.99,0.151363737277463,0.0495021033573334,0.0482154955617055,0.0555576289287232,0.0678725086029037,0.0757438305983946,0.0831955337628087,0.0779696764389529,0.0686806456675432,0.0606715241015277,0.065377283740799,0.0771864198523248,0.0536461383584243,0.0694672515492882,0.0522222094630027,0.094691750016268,0.0305369589931445,0.0277024983827689,0.0206077343836723,0.0158445582566823,36058,81.1,73.4,312,3910,18.4,63.3,18.3,106,20.9,94.05,19.68,NA,44.25,92.58,95,17972,116.291453371912,0.0374313088011048,0.0382433346071313,0.0394254371344586,0.0421131000550286,0.0437266830235606,77.3621359223301,0.209186122902769,0.923625499376138,0.000265960821028965,0.000113206932901092,5.38865000609196e-05,0.000778364153934511,0.00404680447365697,0.98973175186238,0.000156451981269309,2.61885371444525e-05,1
"11","kujawsko-pomorskie",2018,0.580998682488532,2077.78,0.151398972458519,0.0477568552899135,0.0517640264224952,0.0495987294100661,0.0578792217636655,0.068869824692279,0.0774347559288181,0.0817220343877465,0.0761930430388276,0.0659599812299214,0.0598447858887512,0.066257896066706,0.0518780907461106,0.0736653391247849,0.0633745232279722,0.107800892781942,0.0414674351168919,0.02635222774362,0.0210985308803889,0.0188826990410415,44964,81.1,73.5,272,3986,21,60.9,18,106,25.3,93.73,19.59,1.18,49.83,91.77,69,17972,115.612063209437,0.076234471863855,0.0809546806293369,0.0834446802378894,0.0883299129180764,0.0916362171648877,77.4106796116505,0.274179571756024,1.16973433066804,0.00110730093461079,0.000471325596457486,0.000224350983913763,0.00144387933692718,0.00852972040686642,0.993462448878902,0.000651371974304246,0.000109033321313832,1
"12","kujawsko-pomorskie",2022,0.717539687067416,2006.88,0.152012879719524,0.0444506785670864,0.0563188757053251,0.0497649082454521,0.0491460359284779,0.0565555619779199,0.0677241643230573,0.0806367707820513,0.0812700934188261,0.0760953840695688,0.0642137331853089,0.059839272580867,0.0512433254471128,0.0670983159896277,0.0683814047305364,0.127261475048782,0.0557916881760507,0.0313561973933616,0.0203360845413469,0.0197775049380231,66547,80.2,73.3,279,4770,23.1,58.6,18.3,107,30,92.85,23.92,1.41,43.1,91.38,60,17972,111.667037614066,0.172138655018142,0.194503045018509,0.206037990428605,0.217351659105062,0.233921348045669,76.8666666666667,0.349700440528634,1.39761406924947,0.00189301543676383,0.000805767070132164,0.00038354512538291,0.00206934722273358,0.0127337619249761,0.997139152045846,0.00111357009092265,0.000186400782223907,1
"13","lubelskie",2004,0.395057375196222,2185.16,NA,0.0481979318639035,0.0707327074131092,0.0823419472110916,0.0867031919002579,0.0751603089207361,0.0662607154820983,0.0609311188766386,0.0651610228285761,0.076917620526864,0.0727952603841556,0.0566938927930088,0.0560060700471728,0.0404703371292484,0.0409060039649343,0.100721870658205,0.0393116097889579,0.032253990104139,0.0189666092489506,0.0101896615161572,17326,79.5,70,488,4650,16.4,61.4,22.2,106,20.7,99.83,15.33,NA,50.6,98.86,98,25122,86.9819281904307,0.0795688204872578,0.0831867630773239,0.0855955492995509,0.0911491791577445,NA,74.8883495145631,0.135572374069181,0.748292593502689,0,2.96120553571771e-05,0,1.01304399906132e-05,0.0024429531452248,0.983400571907916,0.000345967709459926,0,0
"14","lubelskie",2006,0.489448678689807,2172.77,NA,0.0476521631873842,0.0643410289004891,0.0778422526862074,0.0891674483124276,0.0775845166943886,0.0690598987649844,0.0614286121929375,0.0627122294807632,0.0726125132664999,0.0750941426734402,0.0643479325431271,0.0522458469987104,0.0421195839772898,0.0400604574997952,0.103731372821556,0.037690206860748,0.0334969343224259,0.0211108789441661,0.0114333526942156,19378,80.2,70.3,490,4660,16.7,62.3,21,106,20.8,99.22,18.3,NA,43.9,98.19,107,25122,86.4887349733302,0.0657207281526701,0.0689714879372042,0.0744594678796187,0.0778450915249821,0.0800992023594075,75.3941747572816,0.14736642285538,0.716424187639754,0,2.11514681122693e-05,0,7.23602856472372e-06,0.00266867581470187,0.984321572794324,0.000303193699719618,0,1
"15","lubelskie",2010,0.443915758677388,2178.61,NA,0.0518160424233606,0.0545535664696451,0.067286908952539,0.0765873301842321,0.0843211569206251,0.077014666684415,0.0689930418968783,0.0612156093951605,0.0634133399675298,0.0737534144461769,0.0719435456811703,0.04762070879106,0.0576904275246935,0.037491778018196,0.106298462644318,0.0356038778836607,0.0314975918142339,0.0238339933104166,0.0153629996360066,25793,81,71.2,466,5109,17.5,63.2,19.2,106,20.5,97.47,21.43,NA,42.36,95.43,136,25122,86.7212005413582,0.0528184823870362,0.0539886515353805,0.0594559823561845,0.0667767571472804,0.0711653742506737,76.2427184466019,0.18219626244536,0.772070487855926,0,4.23029362245387e-06,0,1.44720571294474e-06,0.00312012115365601,0.986163574567138,0.000217645680239001,0,1
"16","lubelskie",2014,0.478041396443892,2147.75,0.148030539924181,0.0479693595052674,0.0486719565535217,0.0568144464010176,0.0701982450438739,0.0768875835410705,0.0811497262711699,0.0748291464633155,0.0669744001385639,0.0609825370411585,0.0641002241419609,0.0739384452351442,0.0513892238653919,0.0673864600376395,0.0504095921957252,0.108298653565179,0.0337726155699976,0.0305808973686833,0.02438137470632,0.0195637659201786,31109,82.2,73.2,382,4643,19.5,62.4,18.1,106,22.9,93.87,22.37,NA,43.34,93.14,114,25122,85.4927951596211,0.0334529267158328,0.0341680238870793,0.0357675641116715,0.0390416004342263,0.0411037185191232,77.831067961165,0.254446362067399,0.924019013435514,0.000266289211339252,0.00013684109787108,4.84568833624058e-06,0.000127364309756585,0.00468842477513961,0.98879862252035,0.000384307875669013,2.35575002192619e-05,1
"17","lubelskie",2018,0.58004025667934,2117.62,0.147158199846148,0.0466198121569555,0.0504226681003523,0.0502375545364865,0.0593959536630527,0.0713428619595876,0.0765973482481976,0.0795398039024017,0.0735226686198037,0.0649852499434506,0.060739915914997,0.0650154725661226,0.0501157195888401,0.0713848902942408,0.0616277054559862,0.118452375049525,0.0426752876697838,0.0291955257296048,0.0239306504144513,0.022650911235685,37756,82.3,73.5,330,4713,21.8,60.6,17.6,106,26.8,93.78,19.66,0.98,49.5,92.63,89,25122,84.2934479738874,0.0506748295533602,0.0544118086473242,0.0564371164693485,0.0585361149506574,0.0604943193143313,78.0281553398058,0.317493728363682,1.14053748776139,0.00110866815439937,0.000592949189455812,2.01745324848709e-05,0.000538213843881165,0.00867293814510197,0.993149345543571,0.00109660132035013,9.80792656187571e-05,1
"18","lubelskie",2022,0.705095403771056,2024.64,0.149152662921798,0.0439673877341963,0.0551338338675032,0.0506490793164404,0.0516314776426589,0.0565652015645274,0.0664459851321496,0.077702817838457,0.0791228254743937,0.0733410482965588,0.0639275089806222,0.0615601710331284,0.0500514413200984,0.0661372878199895,0.068326816115679,0.135437117863597,0.0551195103122189,0.0341310565795251,0.0232767651682746,0.0229097858035786,55182,81.7,73.2,327,5318,23.9,58.1,18,107,31.5,91.11,18.3,1.14,39.09,90.16,87,25122,80.5923095294961,0.159017874020709,0.178687750767052,0.185600117670131,0.200524419959741,0.210685960762488,77.5937198067633,0.405015542593692,1.36445052785023,0.00189535280331373,0.00101778272070004,3.44899026358882e-05,0.000921517130088447,0.0124238610012261,0.997334203239316,0.00175614508799719,0.000167673988199087,1
"19","lubuskie",2004,0.339662251239877,1009.17,NA,0.0475579883626909,0.067898506492477,0.081920948741934,0.0909719689883151,0.0822776782458421,0.0688636579836063,0.0591467426632632,0.0675933045835778,0.0861571116008435,0.0813244177381764,0.0612484739904555,0.0550166077402375,0.0344075515672316,0.0362506540040905,0.0793643872972587,0.0329449606012081,0.0251454663643714,0.0146794190858212,0.00659454124585797,21667,78.6,70.1,407,3732,13.5,64.8,21.7,106,16.2,100.2,13.08,NA,56.28,98.43,87,13988,72.14541035173,0.128548361893849,0.132049224184056,0.136105443114763,0.141068876821949,NA,74.473786407767,0.0801498217554678,0.653167670917216,0,0,0,0.000425204924171247,0.00437327717974585,0.975976186841101,0.000601344952070727,0,0
"20","lubuskie",2006,0.491852674393941,1008.52,NA,0.0481497640106294,0.0621028834331496,0.0752637528259231,0.0910006742553445,0.0837891167254988,0.0749048110101932,0.060226867092373,0.0622456669178598,0.0794124062983382,0.0839497481457978,0.072691666997184,0.0510361718161266,0.0376006425256812,0.0344653551739182,0.0831604727719827,0.032751953357395,0.0261323523579106,0.016491492484036,0.0077846745726411,25167,78.9,70.4,361,3381,13.8,65.7,20.5,106,16.3,99.28,15.9,NA,50.5,97.42,90,13988,72.0989419502431,0.0730365822460987,0.07906032214889,0.0892233970519298,0.091653290529695,0.0944686483207412,74.773786407767,0.0929079440966593,0.630012569746766,0,0,0,0.000422434528252619,0.00486038560474704,0.977871629005144,0.000429532108621948,0,1
"21","lubuskie",2010,0.41169583695332,1023.22,NA,0.0553637309851791,0.0519998240838924,0.0634695542969953,0.0738417634612471,0.0879033243257771,0.0838826639562555,0.0717532483397917,0.0589035539940286,0.0635917182605806,0.08086668002326,0.0794945343842692,0.0470946966180128,0.0645817350214764,0.0304139403742127,0.0868390318750214,0.0306954061463133,0.0261733848702374,0.0183343676548917,0.0116358732035789,31636,80.1,71.5,258,2952,15.1,65.8,19.1,105,16.1,97.37,17.4,NA,46.46,94.6,73,13988,73.1498427223334,0.0412744388124547,0.0428205565989414,0.0451208981001727,0.0498271546072237,0.0534663596827833,75.9048780487805,0.132371253224228,0.713024282560706,0,0,0,0.000416893736415363,0.00583460245474942,0.981662513333231,8.59064217243896e-05,0,1
"22","lubuskie",2014,0.432394695135126,1020.31,0.151671996761759,0.0503485715573842,0.0467761173842775,0.0535995538597697,0.064932417399861,0.0761584503487676,0.0868405293700818,0.0815489847663497,0.0679030919125322,0.0578463148836576,0.0647481591324964,0.0805639871136825,0.0545473078200973,0.0734700438201443,0.0526086756241014,0.088107795006797,0.0275221085418408,0.0259333710344044,0.0195431375066524,0.0151091779238994,37561,80.8,73.3,176,2308,18,63.8,18.3,105,19.9,93.4,14.49,NA,44.27,91.89,51,13988,72.9418072633686,0.0609552862751744,0.0618799105350691,0.0641669887901044,0.0682134277405487,0.0710288986900138,77.1414634146341,0.198391351907857,0.933172712945019,0.000178744629055511,0.000120397936669515,1.32746442994594e-05,0.000886750803554868,0.0079510732855731,0.985787120234881,0.00026408471626669,5.24811518815835e-05,1
"23","lubuskie",2018,0.572027260967777,1014.55,0.153055350757184,0.0479247901528563,0.0524125029076988,0.0472032865867362,0.0556247708339083,0.0668652444241179,0.0786231898342907,0.0858313258712254,0.0790351959690424,0.064108351699476,0.0575063969373554,0.0662245650279731,0.0527180576966294,0.0768933554646996,0.0667104957084337,0.102318470885557,0.0408871734013571,0.0237356931362538,0.0198817601532899,0.0178138441946561,45398,80.9,73,131,1994,21,61,18.1,105,24.9,94.05,13.89,1.05,48.39,92.12,31,13988,72.5300257363454,0.0631601133462917,0.0665039206983282,0.0689399555226093,0.0718032001277921,0.0761799847470553,77.0463414634146,0.266414104189392,1.24206664293733,0.000744185154956604,0.000501264612146935,5.52676367238929e-05,0.00238508297736959,0.0125386948853632,0.99063370211594,0.00157113306215927,0.000218499959140972,1
"24","lubuskie",2022,0.713664736082338,979.98,0.150639403413961,0.042444917018376,0.0567013886054352,0.0499073446696654,0.0471317664922406,0.0538329510110452,0.06632407324261,0.0832428549270594,0.0862663983607762,0.0782213033788583,0.062128052115562,0.0578718254324596,0.05149309779015,0.0679475823897728,0.0714639950366131,0.125022449529376,0.0585279639501376,0.0295323558944301,0.0184626970456419,0.0184994326391667,66313,80.3,72.6,121,2160,23.2,58.6,18.2,106,30.1,96.69,21.75,1.25,44.14,94.98,29,13988,70.0586216757221,0.169520819738629,0.191439781712442,0.198734648306662,0.211727388871756,0.225100114751411,76.5621359223301,0.343645152118283,1.5116344547542,0.00127224130505995,0.000856950101853854,9.44842419992712e-05,0.00378398585751916,0.0168874144700206,0.995410486039051,0.00276904629032562,0.000373542352090142,1
"25","mazowieckie",2004,0.442680409470252,5146,NA,0.0468329072092347,0.062052309785645,0.0718933571084476,0.0825352210660053,0.0824271759194574,0.0725109245108382,0.0611964989486002,0.0648086269774351,0.0808688773040482,0.0783443907954085,0.0599174465123085,0.0515404497903905,0.0403367899359444,0.0425427764532315,0.102192247683005,0.0405009952396008,0.0322738237119066,0.0187621562935229,0.0106552724379746,36982,79.9,71,677,6872,16.7,63.1,20.1,108,20.8,100.1,11.79,NA,46.49,98.7,137,35558,144.721300410597,0.100818574192588,0.105261522205302,0.10789373088685,0.11328516957656,NA,75.6211538461538,0.129268925195087,0.728139955401356,9.69537345939666e-05,0.000189806252134615,3.25193376177877e-05,0.000143893606978498,0.00342252861985084,0.959322420862828,0.000394126381934375,0.000143152570524995,0
"26","mazowieckie",2006,0.586741359544219,5171.7,NA,0.0476330616110518,0.0574346704431152,0.0669158818508878,0.0806260685553808,0.0829721047345729,0.0793589808538852,0.0641719109105668,0.0612688047377827,0.0735595361062954,0.0806365099922617,0.067553002860567,0.0490513567873787,0.0431231343182573,0.0399992110914357,0.105695765146561,0.0387531996236442,0.0338026050224858,0.0212539314910256,0.0118860290094054,43528,80.1,71.4,676,7158,17,63.7,19.3,109,20.8,99.76,16,NA,40,98.39,130,35558,145.444063220654,0.0849181226788963,0.0921258990860419,0.101413900878107,0.105883084190571,0.108530835881753,75.9373205741627,0.143253314441386,0.720945698273071,0.000136279740322403,0.000217570177558235,6.50386752355754e-05,0.000186510759762625,0.0032153661785327,0.966979956668726,0.000520939981952901,0.000286305141049991,1
"27","mazowieckie",2010,0.533415557636442,5267.07,NA,0.0568226521300639,0.0493000665265256,0.0587396564922598,0.0697079895623223,0.083911516683273,0.085109335889086,0.0743530751051058,0.0604303491579382,0.0601770775109966,0.0740177844540572,0.0755759556732849,0.0475695035116285,0.0600117104911419,0.0362617028967897,0.108011623915527,0.0360801978784418,0.03210322547328,0.0240251130039612,0.0158030875598435,58768,81,72.6,614,7430,17.7,63.5,18.7,109,20.6,101.9,15.52,NA,39.53,98.61,153,35558,148.126160076495,0.0532654670585705,0.0574710420977317,0.0613466540065227,0.0682778900937328,0.0740759203409686,76.9808612440191,0.188330376859863,0.820018148729506,0.000214931751779277,0.000273098028405476,0.000130077350471151,0.000271745065330879,0.00280104129589642,0.982295028280521,0.000774567181989955,0.000572610282099982,1
"28","mazowieckie",2014,0.562245426995023,5334.51,0.156223316438939,0.0544353549931756,0.0467836695809607,0.0497991287298873,0.0607285278819371,0.0740007847017281,0.0867399092437901,0.0844326687113402,0.0701265776750671,0.0578778448483844,0.0600996042561352,0.0732175826425328,0.0550042918648026,0.0687313232646816,0.0504773539692767,0.107545377636301,0.0320805412154929,0.030808072192559,0.0246140649067928,0.0200426993214561,70204,81.8,74,530,7444,19.5,62,18.5,109,23,98.11,18.44,NA,38.89,97.25,145,35558,150.022779683897,0.0367723070561479,0.0375045186167008,0.0391922308091858,0.0423699972774299,0.0446268549716826,78.067942583732,0.270844416072632,1.0608409176411,0.000413186218997092,0.000520693482666954,0.000185220383118548,0.000427082817969051,0.00511660490953973,0.992794652756281,0.00123153406161246,0.00078848131766431,1
"29","mazowieckie",2018,0.694608562915817,5403.41,0.163035689301501,0.0551009251191654,0.0522120097449537,0.0462019183434467,0.051083648627941,0.063866867823516,0.0794516501795532,0.0871575219509451,0.0816611800099641,0.0654358764425145,0.0557754988884801,0.0598318247803425,0.0557227544373814,0.0699204502636482,0.0608698725916143,0.115708000796534,0.041421050254913,0.0272977518649327,0.0237357432674022,0.0232534554092858,88779,82,74,457,7562,21.4,59.5,19,109,26.7,98.96,20.64,0.92,41.87,97.33,113,35558,151.960458968446,0.0799313935383418,0.0860067276606327,0.0884673380365125,0.0935986553472737,0.0970404938417462,78.1722488038278,0.364092622696675,1.36764866889322,0.000870188482665046,0.00118380773908603,0.00021895519552616,0.000734082276359788,0.0133380057275526,0.992876545192642,0.00212840573824663,0.000851975301491683,1
"30","mazowieckie",2022,0.792738025059528,5510.61,0.163648248143763,0.0509386253287294,0.057029600342031,0.0486510391223334,0.0472343180757419,0.0590130461008687,0.0735437370658649,0.0852192097719818,0.0854151952632484,0.0780993109295302,0.0604883813267927,0.0531029947308938,0.055680022473003,0.0578803225485663,0.0631046061671553,0.124599590753259,0.0506578942592946,0.0307911353584684,0.0205882758575636,0.0225622852779328,127791,81.5,73.8,481,8565,21.9,58.7,19.4,109,28.9,99.83,26.28,1.06,33.29,98.6,101,35558,154.975251701446,0.186424784840917,0.206812025583719,0.208041939928926,0.226179614548486,0.244258466329311,77.8157894736842,0.382327074582255,1.46252133180093,0.00130217593511251,0.00180675112434354,0.000254759678072849,0.00102641962364919,0.020988451334379,0.993965586690316,0.00298274899298424,0.000930200553510819,1
"31","małopolskie",2004,0.433019422092884,3260.2,NA,0.0507830652159177,0.0700604042511489,0.0793837557868365,0.0888712076341305,0.0813100173884984,0.0715103148548203,0.0647466214506406,0.0672081261247389,0.0740049463207943,0.0686555828919751,0.0545104427610445,0.0576182266062737,0.0392534079953966,0.0415544931125412,0.0905293876052427,0.0376028962631445,0.027648295304492,0.0165281220391013,0.008750073998505,21644,80.3,72,585,5508,15.3,62.2,22.4,106,19.2,99.09,14.43,NA,54.19,98.08,90,15183,214.726997299611,0.0924140715691718,0.0972177976000849,0.102216267515212,0.104318596171376,NA,76.2708737864078,0.107613726814216,0.74656716187893,0,0,0,4.54921207494213e-05,0.00378648851842034,0.97999645342545,0.00029544217427561,0.000139094009272956,0
"32","małopolskie",2006,0.548273856426963,3271.21,NA,0.0494041035630284,0.0642613152458145,0.0757592154086291,0.0874130213749914,0.0834215271065167,0.0757711376171357,0.0658056997938986,0.0649757306632477,0.071372759771167,0.070703587606528,0.0608316932654195,0.0545969896117823,0.0413413279383811,0.0392699206347751,0.0950719703986848,0.0371058869420024,0.0297401019685095,0.018304564127114,0.00992141736105889,25295,80.5,72.5,621,6014,15.7,63,21.3,106,19.3,98.29,16.7,NA,48.5,97.34,105,15183,215.452150431404,0.0996869837405443,0.105941600443541,0.115732095089083,0.121747902729107,0.128007592251438,76.6165048543689,0.11893114050035,0.736151804597017,0,0,0,8.5742560701478e-05,0.00353426198247134,0.980619444956609,0.000283197685745926,0.000278188018545912,1
"33","małopolskie",2010,0.489496813249798,3336.7,NA,0.0559097479275176,0.0552546094208677,0.0667066462992317,0.0781556862036402,0.0855324378974549,0.0812560557604986,0.0719234788633916,0.0634938902190458,0.0640851931804457,0.0706362785495485,0.0670647846869016,0.0498711451047877,0.0543390338774939,0.0355986560369994,0.100172355972175,0.0357559971696578,0.0303042018473947,0.0207633352603876,0.0133488216947348,32689,81.4,73.7,635,6810,16.5,63.6,19.9,106,19.3,97.66,15.37,NA,44.41,95.79,145,15183,219.765527234407,0.0332848653432798,0.0348306430272559,0.0379760530871321,0.0416287803913817,0.0457786279453961,77.6621359223301,0.156067359037968,0.787464668039444,0,0,0,0.000166243440605592,0.00302980891057334,0.981865428018927,0.000258708708686556,0.000556376037091825,1
"34","małopolskie",2014,0.535006564604318,3368.34,0.1575798851421,0.0531784833817054,0.050090014772873,0.0561867937165413,0.0693618451365897,0.079338581424181,0.0853400610865424,0.079044964635357,0.0687437357793284,0.0617429496344783,0.0634556647555351,0.0686398269056294,0.0543113869875214,0.0617450278119522,0.0469258411274885,0.101894822844277,0.0317640520423141,0.0304592534711501,0.0228344203191131,0.0168370970116995,39258,82.5,75.3,545,6696,18.2,62.8,19,106,21.5,93.89,16.6,NA,45.94,93.32,156,15183,221.849436870184,0.0487537734084898,0.0494111276566942,0.0509278638202874,0.0558291780109517,0.0576874446832722,79.004854368932,0.21221827652401,0.925685650834787,0.000222570903724767,0.000119153219638755,1.35958593302732e-05,0.000339399917260677,0.00480305184714139,0.984598735764629,0.000426352948733469,0.000835258965002358,1
"35","małopolskie",2018,0.637819658855431,3400.58,0.160240159243564,0.053859977292089,0.0517976802172102,0.0505770050200304,0.0574496622190881,0.0711226359526633,0.0819396237756122,0.0835243548374291,0.0764658468254064,0.0653036234733106,0.0600971541006129,0.0624870426401167,0.0545825017342645,0.0647872405183003,0.0556658472959148,0.110339804097952,0.0393974316711546,0.0271553915703129,0.0233069270303246,0.0204800538261595,50873,82.9,75.3,442,6495,20,61,19,106,24.6,95.56,15.82,0.79,49.86,94.56,128,15183,223.972864387802,0.0813229323867622,0.0876839162121282,0.0909177320469559,0.0974578429874166,0.102209280581305,79.2106796116505,0.287954088762828,1.16535922753805,0.000926651409625338,0.000496082358888149,5.66049829632942e-05,0.000713007390808387,0.0115038593510445,0.990549719786148,0.00100965793951358,0.00111564525892394,1
"36","małopolskie",2022,0.753781331028522,3429.01,0.162899014118927,0.0512167637694101,0.0566769339524423,0.0491610707917786,0.052099233190649,0.063680696550087,0.0766998909890715,0.0835245933670729,0.0805712662590471,0.0729259198125175,0.0617069513276994,0.0577384635933245,0.0550053163970751,0.0603911211794411,0.0585413182914972,0.120060460528887,0.0476510157147215,0.0302798413771422,0.0208310610572019,0.0212985423798211,72004,82.2,74.9,431,7010,21,59.7,19.3,106,27.1,95.57,18.06,0.95,39.52,94.75,108,15183,225.845353355727,0.144592102753227,0.164967898726831,0.16727352973629,0.178798183712382,0.1933385763173,78.6563106796117,0.334458376457442,1.31302897610108,0.00158418128991855,0.000848090644492744,9.67705374374437e-05,0.00106723597914424,0.0177282875422742,0.99618963037743,0.00155277833605171,0.00139588621279826,1
"37","opolskie",2004,0.321198390781906,1051.53,NA,0.0414253122352075,0.06471040796705,0.0801212707946794,0.0851282558479018,0.0778911891327978,0.0705419050888657,0.0688472332246981,0.0752721507972661,0.0802087622713929,0.075022039293183,0.0549085095922041,0.0509086275154988,0.0419645260101699,0.0470095508358764,0.0860402593932086,0.0381101460632164,0.0260315673051959,0.0147537257579662,0.00714482026682998,20852,79.7,71.9,364,3545,15.6,64.1,20.3,106,18.7,96.21,11.54,NA,51.51,94.34,73,9412,111.722269443264,0.181684234387397,0.186016826225704,0.193657505285412,0.196759543390205,NA,75.9135922330097,0.0917282217202857,0.795551880083737,0,0,0,0.0978857666174589,0.101097802707788,0.826028488779456,0,0.0413799110460334,0
"38","opolskie",2006,0.443541544560556,1041.94,NA,0.0399245254769704,0.0581213331656975,0.0745483669420821,0.0863954868845741,0.0792204165111076,0.0735895794483565,0.0680998252300274,0.0717171125812306,0.0790006343929263,0.0769323790886432,0.0663684412073236,0.0473971174951365,0.0389052739070638,0.0460822637750122,0.0936972438938481,0.039561741019885,0.0289930044023606,0.0164913368415294,0.0086511616300731,22831,79.9,71.8,353,3450,16.1,65,18.9,107,19.6,94.82,14.2,NA,48,92.96,79,9412,110.703357416065,0.0583136327817179,0.0603299443698446,0.0712909441233141,0.0729910066724688,0.0759891271519178,75.9869565217391,0.109203687774857,0.775226435476276,0,0,0,0.0919053804477955,0.0726001494382268,0.841850816449119,0,0.0593163365264557,1
"39","opolskie",2010,0.386260846239266,1017.24,NA,0.0456214407401982,0.0491958149543717,0.0613374804987215,0.0759869096900341,0.0832241327276427,0.0781486393096621,0.0712171451996135,0.0678118557942513,0.0723869761442962,0.0786431140703137,0.0741122310248997,0.0418671681538593,0.0588071066738364,0.0358666235434867,0.105773361474813,0.0417157782669004,0.0320130627845319,0.020178109218956,0.0118664112044245,30516,80.4,73,392,4352,17.3,65.6,17.1,107,19.6,96.11,14.15,NA,47.25,93.33,108,9412,108.079048023799,0.0216270505523937,0.0222727899600055,0.0247083572384777,0.0282948622486969,0.0299448384554768,76.8251207729469,0.14258377727117,0.809786943853196,0,0,0,0.0799446081084686,0.0156048428991036,0.873495471788444,0,0.0951891874873004,1
"40","opolskie",2014,0.418141967609104,1000.86,0.131876849662989,0.0434017612888142,0.0428892010654858,0.0513169700397059,0.0647174724086734,0.077227738600281,0.0820206263026323,0.0770089263411993,0.0697041938017181,0.0677478723255447,0.0729813819742661,0.0770508903360916,0.0455858873086891,0.0695563206768593,0.0489110343325427,0.109879723197497,0.0348451029017103,0.035228773712155,0.0235068311388828,0.0162990154447484,36064,81.4,74.5,278,3677,19.6,64.3,16.2,107,22.4,92.7,14.52,NA,46,91.49,97,9412,106.338716532087,0.0558922558922559,0.0563492532026684,0.0578940983805422,0.0625573469655263,0.0639102778707734,78.0666666666667,0.211051310580381,0.920580537489947,0.000170136658096932,7.79325314185759e-05,1.05834301926461e-05,0.0703918342701908,-0.00106936858635031,0.904419943577051,0.000351337811395267,0.111033748291089,1
"41","opolskie",2018,0.529099361671558,986.51,0.133654534285651,0.0437017108867052,0.0446018574646277,0.0444812297137574,0.0536347472797935,0.0675576225588086,0.0787496477466939,0.0810648896205396,0.075650832331481,0.0684405366008924,0.0676964965240962,0.0733639734578401,0.0453509659343177,0.0734957516730765,0.0636468506020237,0.118562887605347,0.0397696516797668,0.0312557652969166,0.026590816477548,0.0209466541511151,43907,81.8,74.7,216,3421,22,62,15.9,107,26.6,94.14,17.82,1.03,51.6,92.48,61,9412,104.814067148321,0.0698586744639376,0.0744462621069305,0.0757063638764193,0.0794975598935226,0.0839408578539013,78.3700483091787,0.310056117396393,1.15111087259848,0.000708346739919906,0.000324464199435508,4.40630394295135e-05,0.0660485212413723,0.06948702425999,0.933786371213448,0.00146275938469794,0.0835491323498721,1
"42","opolskie",2022,0.665541672488331,942.44,0.138815055796596,0.0416100318216207,0.0498662515743691,0.0442924278549002,0.0456750077723698,0.0530473525663675,0.0684838626502879,0.0819170643042907,0.0819340414943747,0.0766721736427002,0.0678249354601508,0.0672073901708436,0.0473387724006065,0.0718665677745344,0.0679214932287538,0.13434262728383,0.0561149185996789,0.0305080105810337,0.0248843163656929,0.0228353817374244,64383,81.4,73.6,229,4232,23.9,59.4,16.6,107,30.7,94.54,22.01,1.24,43.93,93.41,59,9412,100.131746706332,0.135722979766798,0.157554163083098,0.163236729324903,0.175234017354864,0.187475633528265,77.631884057971,0.430471656598792,1.45785258758545,0.00121097280001939,0.00055469630613518,7.53291279936663e-05,0.0612015761797521,0.131610274370641,0.963303424984157,0.00250069877930489,0.0602534261944995,1
"43","podkarpackie",2004,0.414484177193861,2097.98,NA,0.0507799187311574,0.0762368474362183,0.0868346858280008,0.0871421251444846,0.0787964584897341,0.0697830050405748,0.0638506178576961,0.0685275086690738,0.0736924891860008,0.0676294998748793,0.0519963297942063,0.0606155936081221,0.0368359966157843,0.0395938941121796,0.0876850296118876,0.0361348443141601,0.0272815452996342,0.0162671147177636,0.00800152528032984,17746,80.2,71.8,375,3557,14.7,61.4,23.9,104,18.6,98.28,11.46,NA,56.82,97.43,85,17846,117.560237588255,0.0711009174311927,0.0747556796547785,0.0781115310655792,0.0828119507908612,NA,76.0823529411765,0.101546762807523,0.755730378351904,0,0,0,0,0.0042977205443477,0.982400756134524,0.00255312137040555,0,0
"44","podkarpackie",2006,0.496621053916857,2097.56,NA,0.0487870691907374,0.0688470053833876,0.0831602754433238,0.089381778100692,0.0804852676724048,0.0729684529292074,0.064628778907342,0.0657086029317818,0.0721708610559678,0.0701570965176748,0.0593068912319243,0.0563811163807159,0.0377404455835436,0.0382643866885587,0.0920119719827381,0.0358210762579831,0.0288401212072671,0.018202543521914,0.00914823099557391,20017,80.8,72.6,362,3413,15.1,62.6,22.3,105,18.7,97.25,14.6,NA,50.8,96.36,90,17846,117.536702902611,0.0706568249893025,0.0744393102671024,0.0797320135200386,0.0838304353344333,0.0875936608978184,76.8,0.113663422637911,0.7303710677583,0,0,0,0,0.00383858680090945,0.982173723069269,0.00223665920787753,0,1
"45","podkarpackie",2010,0.446584095868681,2127.95,NA,0.0532912458387141,0.0585423140039136,0.0708480658361952,0.079712944113296,0.0856872442371712,0.0795588050083931,0.071369695124129,0.06343952013865,0.0657144817448547,0.0713664055700609,0.0664325444042805,0.0504899555816214,0.0528480959121182,0.033150716088927,0.0975479663976751,0.0346375945276858,0.0295627524732747,0.0204257810811166,0.0129218383155979,25961,81.8,73.7,345,3621,15.9,63.9,20.3,104,18.5,95.49,12.49,NA,47.1,93.74,98,17846,119.239605513841,0.0323696663617927,0.0336864757490482,0.0371062588321101,0.0406654343807763,0.0435387248609328,77.8294117647059,0.150802356064013,0.770246533036141,0,0,0,0,0.00292031931403295,0.98171965693876,0.00160373488282149,0,1
"46","podkarpackie",2014,0.490897074410642,2129.19,0.153580216298521,0.0493056739497282,0.0514172780502605,0.0595462023767757,0.0735219593206233,0.080220760318375,0.0831326698876144,0.0773999653388829,0.0686088164167826,0.0622505209734983,0.0657762798664467,0.0695401578161054,0.0528572642985327,0.0617822671282513,0.0456897397927002,0.0989504444654227,0.0303862460178462,0.0295356866259281,0.0224033868326267,0.0166251249890216,31384,82.8,75.1,279,3243,17.7,63.5,18.8,104,20.6,91.02,14.56,NA,47.01,90.51,91,17846,119.309088871456,0.0418617003618497,0.0430698818225289,0.0443935926773455,0.0485728592889334,0.0501451465383545,79.0254901960784,0.207242176751266,0.879286773342576,0.000279927962701112,8.12010356555968e-05,2.33882370925211e-06,0.000128416039286124,0.00400503123470037,0.983642952456436,0.00130850646658292,2.75542668246264e-05,1
"47","podkarpackie",2018,0.585691546645522,2129.02,0.151599683421676,0.0486694551236135,0.0515524784935757,0.0525801837939141,0.0615383170151455,0.0752216400542035,0.0795860996752019,0.0810656571231297,0.0753616108857852,0.0658689581801913,0.0617177427120053,0.0655810316038168,0.0513777498044871,0.0658868068097219,0.0562344558399072,0.107757812885301,0.0381594305347778,0.0263953048710319,0.0229857469299183,0.0202173305495734,39021,83.2,75.6,220,3031,19.8,62,18.2,104,24,93.09,14.09,0.99,52.77,92.29,70,17846,119.299562927267,0.0831945369753498,0.0880046982821906,0.0903827015289966,0.0954945195003824,0.0994920824619062,79.4745098039216,0.268770137622699,1.08225775152522,0.0011654517139909,0.000338072285703367,9.73745557381435e-06,0.000534647170099744,0.00942298618737458,0.990709429056132,0.00174384893804752,0.000114719398479,1
"48","podkarpackie",2022,0.699840269903699,2079.1,0.156312497054011,0.0473431266828211,0.0562888329458255,0.0510875389231292,0.0531047598525899,0.0586182084730975,0.0718292259431734,0.0808595843004995,0.0801443702990431,0.0740782781764015,0.0640066028633571,0.0614819503457749,0.0526805374253643,0.0647593331338879,0.0615723741738004,0.122145276461235,0.0495657251365736,0.0297912844897162,0.021156289891097,0.0216319769438478,55125,82.5,74.7,214,3393,21.7,59.5,18.7,104,27.8,90.63,14.59,1.17,42.47,89.99,64,17846,116.502297433599,0.135567732366513,0.154843415449048,0.156492996932442,0.168652776709977,0.18268376637797,78.6764705882353,0.369031696930411,1.32135789730101,0.00199242863112287,0.000577960367931465,1.66469232887551e-05,0.000914020131823208,0.0144220187070647,0.997278681309943,0.00210856242990416,0.000196121564995646,1
"49","podlaskie",2004,0.365024290154827,1202.43,NA,0.046350500031187,0.0723978626525563,0.0846472752978356,0.0851737114580951,0.0740470299602886,0.0674661621306942,0.0646609975674158,0.0711262656714556,0.0775823855957752,0.066212029856332,0.0506501444996569,0.056115766056095,0.0402345260619165,0.0416175645050627,0.101717778655633,0.0403584423144895,0.0326540116847205,0.0183828513212882,0.0103224733351352,18038,80.1,71.2,438,4236,16.5,61.1,22.4,105,21,97.73,16.18,NA,54.1,96.55,90,20187,59.5645712587309,0.0779896013864818,0.08052076263343,0.0834452330711682,0.0907068881629249,NA,75.7585365853659,0.139404285906824,0.827156485874289,0,0.0487847532351467,0,0,0.0497235123157704,0.925278975015341,0.00159272143964295,0,0
"50","podlaskie",2006,0.484821852831474,1196.1,NA,0.0453047025293015,0.0657101699605635,0.0798511162518884,0.089275905630043,0.0755245585448052,0.0696914391008786,0.064574814334241,0.0677743769129864,0.0765704568426914,0.070467293313859,0.0580661666531505,0.0514747500420115,0.0397834296602043,0.0400651784422887,0.105865641781087,0.0387183022169533,0.0347077713336917,0.0210843398676199,0.0113552283628222,20388,80.5,71,444,4200,16.8,62.3,21,105,21.1,96.71,19.6,NA,47.9,95.49,90,20187,59.2510031208203,0.0621516019796822,0.0661381527885575,0.0712962409609753,0.0736101684457333,0.0762836498497346,75.8658536585366,0.150351469530082,0.775383434492758,0,0.0440797213489232,0,0,0.0359190968784445,0.932847616865998,0.00167683364142235,0,1
"51","podlaskie",2010,0.447119275469935,1203.45,NA,0.050565541676915,0.0539574622252062,0.0684109325870333,0.0782593016067167,0.0840900479289508,0.0752072378698539,0.0689726519135019,0.0646434245600973,0.0685571790388949,0.0764636278426654,0.0663127945702681,0.0466060851819106,0.0519565448610991,0.0363422432876202,0.109654924849266,0.0364178593507987,0.0324982882517566,0.0251768252554327,0.0155619519912784,27345,81.9,72.5,441,4737,17.4,63.6,19,105,20.8,94.85,24.83,NA,46.07,92.67,124,20187,59.6150988259771,0.0460579166826059,0.0489470688673876,0.0520851358366499,0.0590543456935452,0.062724667882261,77.3146341463415,0.185062945908022,0.777159976200335,0,0.034669657576476,0,0,0.00831026600379269,0.947984900567313,0.00184505804498115,0,1
"52","podlaskie",2014,0.45938947568349,1191.92,0.144349695197153,0.0467305636797162,0.0475108186972594,0.0562446409904037,0.0714898172525291,0.0791849774900622,0.0808016994457672,0.073649361784955,0.067471084420237,0.0643215388978101,0.0696046204520781,0.0744094811891422,0.0501083128201772,0.0613230104755529,0.0450979010301044,0.112052171374205,0.0336701014667116,0.0316850655833707,0.025688847722746,0.0210081566013769,32357,82.8,74,322,3854,19,63.4,17.7,105,22.5,91.64,22.4,NA,42.99,90.81,101,20187,59.043939168772,0.0397493573264781,0.0410050717671628,0.0417172534736274,0.045236789175352,0.047320301442179,78.5073170731707,0.265304825072577,0.888865190150635,0.000248530906198913,0.0269951433654186,7.55533954844696e-06,0.00012128308222507,-0.0032264075015736,0.961908583941844,0.00194492515600194,1.73640259797641e-05,1
"53","podlaskie",2018,0.569683193173466,1181.53,0.145703082351487,0.0481873972203908,0.0488204730633846,0.0488577128188548,0.0593567847872213,0.0730686320229735,0.0791954181559042,0.078623280094589,0.0719793691754695,0.0659778440382114,0.0644273160377239,0.069835544161695,0.048695212067712,0.0700386701006235,0.0555803350393091,0.117356011215937,0.0378863730424796,0.0298231196250972,0.0249709487589428,0.0246755697894176,39770,82.7,74.1,252,3621,20.9,61.7,17.4,105,25.4,93.75,18.82,0.92,46.34,92.55,75,20187,58.5292514984891,0.0663056009866745,0.0718185514317245,0.0738363240080017,0.0764285935037241,0.0794665809768638,78.5048780487805,0.337704006579176,1.08286326035737,0.00103473324999155,0.0230753148067794,3.14558907997432e-05,0.000504949825995878,0.0200074032364164,0.973206765955815,0.00189690818970195,7.22933630660765e-05,1
"54","podlaskie",2022,0.70301466131877,1143.36,0.152160964879674,0.046520984296216,0.0539080163203904,0.048266723808441,0.0498856435665213,0.0582312580082302,0.0700840946162828,0.0806608621119425,0.0776119402985075,0.0715552037643602,0.0649046009332185,0.0645766188104307,0.0517319642630679,0.0695435800779285,0.0643221046831474,0.128196404441315,0.0496346279152144,0.0302696887668309,0.0237354102619047,0.0245566774973652,59818,82.6,73.7,250,4234,22.9,58.9,18.2,106,29.4,92.82,20.63,1.16,38.92,91.85,61,20187,56.6384306732055,0.181520107450423,0.202668430918514,0.21336367013373,0.231078702539603,0.246400514786712,78.2796116504854,0.421709548055693,1.34355617338557,0.0017689554428628,0.0187924966726692,5.37762454630291e-05,0.000863250256117047,0.0398797279585819,0.984758772047884,0.001863188126902,0.000123591020274681,1
"55","pomorskie",2004,0.420329045612999,2194.04,NA,0.0519115185176576,0.0685684542813922,0.0797273159435033,0.0876610783481257,0.0826433963631491,0.0721636468962977,0.062245418385527,0.0669932786123869,0.079909172162234,0.0776307279581375,0.0583680979525907,0.0568343982632959,0.0378602769957353,0.0384764915514341,0.079006727768533,0.0331648314685095,0.0239904359125468,0.0141861524009807,0.00766530798649615,23988,79.4,71.4,445,4232,13.8,63.9,22.3,106,16.7,100.86,14.28,NA,50.87,99,84,18310,119.827416712179,0.0893732970027248,0.0922773948515966,0.0976529548950529,0.10182119205298,NA,75.5165048543689,0.0927516090071309,0.685940659583073,0,0,0.0240596995193731,0.000997053517431305,0.00505622998750576,0.973256935918868,0.00141049416763342,3.2413065863057e-05,0
"56","pomorskie",2006,0.564039474353461,2203.6,NA,0.0523426491710137,0.0624316174251621,0.0749743033542915,0.086951095822962,0.0828355482745241,0.0775482790621689,0.0642000912145834,0.0630102173947572,0.0741275052811429,0.0784558868576122,0.0693489502381336,0.0540457751991632,0.0390448335560754,0.0369378220589537,0.0837454250894561,0.0334507929088603,0.0257588168424779,0.0157556175249989,0.00878019781311902,27667,79.8,71.7,464,4524,14.2,64.5,21.3,106,17,99.85,18.2,NA,43.7,98.12,91,18310,120.349535772802,0.0782151208106002,0.0836668334167084,0.0911444141689373,0.0941060627373752,0.0995881506475463,75.8679611650485,0.105995529648946,0.682563534457229,0,0,0.0457130701700716,0.000955195395238326,0.00383678276277301,0.974257846989288,0.00138695464767972,6.48261317261139e-05,1
"57","pomorskie",2010,0.494004462192158,2275.49,NA,0.0596951694884715,0.0539377383548364,0.0637584629974854,0.0757400371084257,0.0861997438797905,0.0825970097042664,0.0731388436972367,0.0611018969946746,0.0628342680754157,0.0740924827751688,0.0740718279195638,0.0508069896031367,0.060723078153579,0.0325823755193378,0.088720075728611,0.0324285627648326,0.0266254272698588,0.0178726026084885,0.0117934830854311,35810,80.8,73,471,5233,15.4,64.6,20.1,105,17,99.01,20.09,NA,41.65,95.22,105,18310,124.275805570726,0.0287273771904625,0.0310164076796625,0.0325520833333333,0.0361441428416525,0.0389711613406079,76.9951219512195,0.136815755530291,0.756094881677186,0,0,0.0890198114714686,0.000871479150852369,0.00139788831330752,0.976259669130128,0.00133987560777232,0.000129652263452228,1
"58","pomorskie",2014,0.505727690922559,2302.08,0.162890728676756,0.055064187687901,0.0499874678388255,0.054393923400477,0.066124634406234,0.0781333552266062,0.0857512585373991,0.0805020857251951,0.0687774561841328,0.0588916009325492,0.0624727148570617,0.0729688885297929,0.0578390731500293,0.0682322963132858,0.0491503976626325,0.0917106595478779,0.0296154298922234,0.0272475681743052,0.0197799639195387,0.0150676975618105,42108,81.5,74.4,426,5486,17.7,62.8,19.5,105,20.2,94.89,20.58,NA,40.72,93.76,114,18310,125.728017476789,0.0329449282472709,0.0327968936970378,0.0346786479716993,0.0375034906450712,0.0385808675667912,78.0365853658537,0.1928459045194,0.938238322371877,0.000243066278655422,0.000170827889298016,0.111826637344281,0.00114754943075452,0.0137068654203852,0.979468351658483,0.00149748371496435,0.000214152439390028,1
"59","pomorskie",2018,0.634596717822749,2333.52,0.167154555579696,0.0558104634066174,0.0547211233829707,0.0494895486352609,0.05523879558933,0.0689001136907586,0.0813525300586281,0.083884324259928,0.0775381258294861,0.0643550545677073,0.0571912083146384,0.061903825246205,0.0566229687901083,0.0692759402842826,0.061260591817608,0.102455386126471,0.0384551598591486,0.0253745088434954,0.0206400365456008,0.0179856808782258,53813,81.9,74.7,358,5472,20,60.3,19.6,105,24.5,94.99,18.54,0.99,44.71,93.21,93,18310,127.445111960677,0.0806257279408812,0.0858750053471361,0.0893155073076324,0.095350052246604,0.0984913528762419,78.3878048780488,0.261039930339594,1.20147327822129,0.00101198182682029,0.000711224610998931,0.0902839729761679,0.00220198140699237,0.0579213685746251,0.985287954371594,0.00209791172862641,0.000341215416857685,1
"60","pomorskie",2022,0.752851110240267,2358.31,0.166178958040662,0.0512176743740319,0.0585962726650941,0.0505218362155563,0.0500761775290494,0.0617129152396189,0.0753968842902981,0.0838559186738622,0.0814215452017061,0.0747638030163164,0.0602262555299204,0.0551026647506029,0.0563650110015363,0.0599926133450819,0.0626186497347462,0.118131778432579,0.0520937265589255,0.028080313546964,0.0190047351765483,0.0189530031501412,81149,80.9,73.8,379,6366,21.2,59,19.8,106,27.7,97.37,24.61,1.12,38.28,96.01,85,18310,128.799016930639,0.21262701733413,0.246688626907074,0.245374122678439,0.264415661643097,0.285734366842042,77.4533980582524,0.307115667385837,1.37385527467245,0.00173006014897714,0.00121589274021571,0.0730288586522366,0.00318116415922823,0.0990513596212849,0.990855142662518,0.00265552949803908,0.000464163574953383,1
"61","warmińsko-mazurskie",2004,0.330358686085192,1428.71,NA,0.0510424059678844,0.0733603786342123,0.0861900982281968,0.0914234759371015,0.0775158639167811,0.0676286506606641,0.0621544969812013,0.0715482594837035,0.0834351731697177,0.075126302395021,0.0535005606440477,0.0584819635000427,0.0344442624626062,0.0367988274770178,0.0773492805418019,0.0327231342312037,0.0244842564712042,0.0135590468071286,0.00658284303226538,18490,79.1,69.7,429,3891,13.3,63.5,23.2,105,16.2,100.66,13.28,NA,52.91,98.4,83,24173,59.1035452777893,0.0861137218045113,0.0915506151252108,0.0946722634807879,0.0966572163249159,NA,74.5146341463415,0.0849225268176401,0.708861485517637,0,9.68444531950325e-06,0,0.00306515417908255,0.0114157245362457,0.97015263943497,0.0091775982551711,0,0
"62","warmińsko-mazurskie",2006,0.467599117795796,1426.88,NA,0.0508738277770497,0.0667048384485624,0.0807438311340173,0.093882259442435,0.0797682781279194,0.0713113829234773,0.0619041645320604,0.0662514025326533,0.0792931165344321,0.078387646359232,0.0647292034455523,0.0540191452277447,0.0354254693622392,0.0348290644712986,0.0818763696813264,0.0325352534160124,0.026032968365311,0.0157167756571492,0.00759137224285383,20904,79.5,70.1,422,3811,13.6,64.5,21.9,105,16.4,99.89,16.1,NA,46.3,97.54,87,24173,59.0278409796053,0.0702437026418185,0.0742022714981071,0.0805921052631579,0.0856803846874414,0.0886018727801098,74.9146341463415,0.0951678088209453,0.667685309026803,0,6.91746094250232e-06,0,0.0027668659113969,0.00874966030010128,0.971782493142702,0.00908744174436293,0,1
"63","warmińsko-mazurskie",2010,0.397384558500359,1453.78,NA,0.0552875190365543,0.0556912934676588,0.06816358986423,0.0780935518530289,0.0871987684535921,0.0802348632738609,0.0702264851263807,0.061729337686118,0.0674936132102337,0.0797127767436933,0.0734215996621227,0.0495906538944629,0.0563777787866406,0.0300753482984381,0.086702820642985,0.0308842728827293,0.0261758640566467,0.0183631383522426,0.0112795453513663,27160,80.4,71.3,344,3698,14.7,65.4,20,104,16.2,97.07,18.13,NA,42.52,93.55,99,24173,60.1406527944401,0.0455000384941104,0.0475558237779119,0.0514181311988864,0.0565442020665901,0.0605160761826746,75.9392156862745,0.129354411207876,0.710677627293758,0,1.38349218850047e-06,0,0.00217028937602561,0.00341753182781236,0.975042200558166,0.00890712872274658,0,1
"64","warmińsko-mazurskie",2014,0.409522471910112,1443.97,0.154633035242495,0.0501285694202153,0.0499464322938128,0.0574805379901341,0.070662972214739,0.0779380692218035,0.0844486058199391,0.0775523263343276,0.0671621996901591,0.0610824208586484,0.0687640368512577,0.0782787972301306,0.0545580335284671,0.0676580558973993,0.0459608841476294,0.0883780585013369,0.0272513153001419,0.0263897997668922,0.0197012812619679,0.015035662172335,31973,81.2,73.1,246,2958,17,64.2,18.8,104,18.9,92.07,17,NA,41.32,90.56,79,24173,59.7348281140115,0.049809561334384,0.0504523081016363,0.0519965724078835,0.0558541973490427,0.0583955654784818,77.2294117647059,0.19291807357384,0.86031070386277,0.000266985571163162,0.000145295368977999,2.55695136561735e-05,0.00201479539842822,0.00288298954107856,0.979547715704011,0.00849765046579939,3.22109457746601e-05,1
"65","warmińsko-mazurskie",2018,0.536149717703445,1428.98,0.153399305660039,0.0477976295029402,0.0528907621714184,0.0508550486604809,0.0596172242776856,0.0709581569549813,0.0782738493040155,0.0828155408426832,0.0754473636145427,0.0642218976712809,0.0612827444413265,0.0698412787275986,0.0527109139856807,0.0741135478868538,0.0610916994813794,0.0980823424771323,0.0360473147686152,0.0238407314852591,0.0201688893429803,0.0180254068802778,38271,81.6,72.5,190,2706,19.8,61.9,18.3,104,23.2,91.25,16.15,1.12,43.63,89.21,58,24173,59.1147147644066,0.0499876539822766,0.0527260099548559,0.0546310455458607,0.0569855815844619,0.0598240084055687,77.1392156862745,0.254028679066648,1.10673251581182,0.00111156737797996,0.000612518192662261,0.000106456079731912,0.00281353884974041,0.0127275389368202,0.986748409665254,0.00759239643829984,0.000134107009532408,1
"66","warmińsko-mazurskie",2022,0.679043429561588,1366.43,0.151724566937201,0.0433179892127661,0.057049391479988,0.0513688955892362,0.0502689490131218,0.055858697481759,0.0674114297841821,0.0813360362404221,0.0823049845217099,0.0751783845495196,0.0630804358803598,0.0626098665866528,0.0513571862444472,0.0708825186800641,0.069183200017564,0.118792034718207,0.0536946641979465,0.0270493182965831,0.019019635107543,0.0190284171161347,56368,80.7,72.5,166,2764,22.5,59.1,18.3,105,28.5,90.81,15.48,1.3,37.19,89.35,48,24173,56.5271170313987,0.148071204529716,0.166506344189455,0.178142612104876,0.189961067126545,0.199456775220171,76.7,0.340652717911093,1.39688423128657,0.00190030924724072,0.0010484844707332,0.000181994791091461,0.00352003004046843,0.0215686748827113,0.993688543381357,0.00673507223852522,0.000229266165400932,1
"67","wielkopolskie",2004,0.390001816549797,3365.28,NA,0.0501969670901377,0.0691623854516842,0.0806903906744247,0.089798688550116,0.0838164279200293,0.0721136974215839,0.0619463504258037,0.0663899588831014,0.0792055229827625,0.0749651663767951,0.0627305341036697,0.0560383777530746,0.0347744899908864,0.0368337521688369,0.081337290207094,0.0326037958768995,0.0247295695488314,0.0154358489315757,0.00856807584978737,26140,78.9,70.8,479,4455,13.7,64.1,22.2,106,16.7,100.9,14.75,NA,60.24,99.4,97,29826,112.830416415208,0.116044744257536,0.122775318456952,0.12463887742468,0.130066516724889,NA,74.9679611650485,0.10222430211369,0.681905174031699,0,0,0,0.000323449591416299,0.00209020292510951,0.988842524247056,0.000120113395883763,3.25523256880168e-05,0
"68","wielkopolskie",2006,0.536566871015562,3378.5,NA,0.05070590456954,0.0627822626714443,0.0758377529449442,0.0887162416952839,0.0855538934119323,0.0774793088771296,0.0640180174527054,0.0626857702022968,0.0740514583090376,0.0763421184892002,0.0689539328376896,0.0529678538002937,0.0406739436590536,0.0352875327586013,0.0839440083208475,0.0320704264789543,0.0256705486632833,0.0165978886500585,0.00960514452855141,29781,79.3,71.4,511,4887,14.1,64.8,21.1,106,16.7,100.48,18.5,NA,53.8,98.97,102,29826,113.273653859049,0.0663873670641315,0.0709257842387146,0.0791563487319614,0.0837474026560665,0.0850185720181593,75.4650485436893,0.112270104205588,0.671872010431159,0,0,0,0.000339024424800432,0.0022425435608496,0.989058397774049,0.000134775712854614,6.51046513760335e-05,1
"69","wielkopolskie",2010,0.465114451517073,3446.75,NA,0.0584078601695223,0.0535371778300977,0.0648292809592819,0.0765789172102955,0.0873096211062901,0.0836838814591738,0.0733703827814358,0.0612505421782,0.062604283171514,0.0743222953830353,0.0720833714127387,0.0496686003751365,0.0638785288728931,0.031055387039076,0.0874198700513093,0.0312317853511066,0.0259784231209445,0.0177819943163768,0.0124276672628814,39158,80.5,72.5,476,5239,15.3,64.9,19.9,106,16.5,100.33,16.56,NA,46.54,97.3,135,29826,115.561925836518,0.0204304998175848,0.0220274218925601,0.0238602471239881,0.0263255095530707,0.0280731908189208,76.6165048543689,0.142340180903454,0.748414229549407,0,0,0,0.000370174091568699,0.00254722483232977,0.989490144828037,0.000164100346796318,0.000130209302752067,1
"70","wielkopolskie",2014,0.48594157487917,3472.58,0.160401534421535,0.0548405090280164,0.0491096098893646,0.0544863054231452,0.0672278442045523,0.0784512029819912,0.086740143276798,0.081242212200212,0.0693611290052725,0.0591813749953565,0.0624864113962562,0.0728772477170426,0.0564514155041541,0.0666432642713096,0.0532523522143053,0.0876489778922236,0.0273885777688571,0.0261192041995301,0.0192441986201034,0.014896997303733,47529,81.2,74,391,4967,17.7,63.1,19.2,106,20.2,97.32,16.98,NA,42.96,96.27,114,29826,116.42794876953,0.0458576301023215,0.0469983311533084,0.0490757094077476,0.0532202870422391,0.0543076041069474,77.704854368932,0.189888704538447,0.926613462152998,0.000157078496447077,0.000112810126408907,1.91654974820085e-05,0.000606883011928388,0.00407542690017121,0.990729838342095,0.000398800465612205,0.000193446262359636,1
"71","wielkopolskie",2018,0.62948789624474,3493.97,0.164453090453865,0.0545837699189661,0.0536515922150426,0.0492102248188235,0.0557692412268111,0.0692664989300134,0.0808896701716587,0.0852033890397997,0.0781383578388933,0.0655326363800022,0.0574959308454082,0.0624158371181885,0.0562177283198563,0.068910456847213,0.0605162781925083,0.102198388136815,0.0418944758811541,0.023711143401673,0.0195162006302861,0.017076568223702,59865,81.3,74,331,5018,19.9,60.7,19.3,106,24.2,97.51,16.35,1.03,47.62,95.84,88,29826,117.145108294776,0.0605335884353742,0.0647846200515698,0.0672346621541852,0.0718929495676324,0.0751897898558697,77.7563106796116,0.246534305724852,1.21794091821375,0.000653980406776392,0.000469673532826625,7.97936071636565e-05,0.00128829855280285,0.00825059225948702,0.99371744217173,0.00107780963994021,0.000252642660036737,1
"72","wielkopolskie",2022,0.760966329729611,3493.58,0.164150954737795,0.0500595807677919,0.0583694019052679,0.0505155604127231,0.0503418129899527,0.0600530630926412,0.0723659447036662,0.0834442750224197,0.0830089046269769,0.0757401368282422,0.0618406292461852,0.0559555435589369,0.0557219720647348,0.0610823806087572,0.0629025780739912,0.118598216097713,0.0524428114794665,0.0304298431092259,0.0180708769264281,0.0176546845825926,85867,81,73.6,326,5452,21.4,59,19.6,106,27.7,97.58,21.56,1.09,41.92,96.29,80,29826,117.132032454905,0.156863009269239,0.175085339629167,0.17967315319208,0.19448759709346,0.206260629251701,77.4077669902913,0.293984747378456,1.3734141242243,0.00111802940526186,0.000802942741299789,0.000136413259841566,0.00192672144866431,0.0121698586780111,0.996536064285677,0.00171386460441728,0.000312229684785071,1
"73","zachodniopomorskie",2004,0.359187036814128,1694.87,NA,0.0468715797423394,0.0660270877031504,0.0777117941546967,0.0890749410720028,0.0811574963197659,0.0687305478607441,0.0591799346850634,0.0675381225053323,0.087566266339797,0.0847129417387226,0.0625501146108982,0.0533983532611742,0.0362182238703378,0.0377800001770052,0.0814825959589702,0.0345909556218342,0.026223327521661,0.0143450953320766,0.00632321748339838,22062,78.5,70.3,532,4992,13.9,65.1,21.1,106,16.7,100.83,14.44,NA,48.27,98.84,103,22892,74.0376550760091,0.0766152644934609,0.0773475219233422,0.0791729702471003,0.0810908527452094,NA,74.5194174757282,0.0779129195716498,0.65752213618207,0,0,0,0.00058135898477482,0.00467966393136159,0.981536826858458,0.00243649881437266,3.9339699270571e-05,0
"74","zachodniopomorskie",2006,0.506057905110174,1692.84,NA,0.046705000714776,0.060995795226714,0.0719425012907319,0.088032641044211,0.0823735053206509,0.0747880186999583,0.0609662590277392,0.0619309112862542,0.0799385410771734,0.0863514405985688,0.0751731707345889,0.0495646954995103,0.0393481242741479,0.0357600668226966,0.0861293283822788,0.034410262529551,0.027322165499593,0.0167972363569343,0.00759966399620046,25231,79.1,70.5,490,4740,14.3,65.8,19.9,106,16.9,99.63,16.2,NA,43.2,97.47,99,22892,73.9489778088415,0.0723818429105746,0.0771915510833107,0.083105602186219,0.0838998916149374,0.0858799798285426,74.9252427184466,0.0922585965792965,0.642267668854639,0,0,0,0.000651736839447358,0.0043779237368815,0.981614590784823,0.00237898610254662,7.86793985411421e-05,1
"75","zachodniopomorskie",2010,0.438697801627601,1723.74,NA,0.0521470452927673,0.0507431220815656,0.0624896663709919,0.0719499043069696,0.0851554844956406,0.0821985437487418,0.0722011021377341,0.0597090862258309,0.0636737189635798,0.0825205178736249,0.0827473500949389,0.0458920452666613,0.0662100628806764,0.0321602839405688,0.0902020663197081,0.0319050251748958,0.0275760685625045,0.0191560100966445,0.0115649624856635,31981,80.1,71.3,416,4881,15.7,65.8,18.5,105,16.8,96.46,18.11,NA,37.67,92.93,115,22892,75.2987943386336,0.0384453031139397,0.0392221817338589,0.0429857682253848,0.0469264000634141,0.0503230193811629,75.8073170731707,0.135809954627826,0.731891549026396,0,0,0,0.000792492548792434,0.00377444334792132,0.981770118637554,0.00226396067889453,0.000157358797082284,1
"76","zachodniopomorskie",2014,0.445158997595833,1715.43,0.144694831794459,0.0469806130354412,0.0461341785242309,0.0526643158483203,0.0649451945312869,0.0736887697610688,0.085132541034877,0.0808053486266717,0.0681566323565331,0.0582996343193052,0.0654220426236905,0.0828683870117772,0.0515800402347865,0.0768658138974986,0.0539532047631178,0.0925032834313942,0.0289350023405197,0.0271861707057876,0.0206298009071773,0.0157523094779096,37443,80.9,73.6,308,4024,18.7,63.8,17.5,105,20.7,91.86,17.29,NA,39.23,90.17,85,22892,74.9357854272235,0.0533674675068925,0.0537576513262299,0.0558664153610555,0.0593164691535599,0.0615969087898172,77.3390243902439,0.213768115942029,0.949000697055227,0.000223263212757794,0.000141304662559811,6.58991045510811e-05,0.00123474189420167,0.00554242090779533,0.983709256354706,0.00238026185506851,0.000233773863192886,1
"77","zachodniopomorskie",2018,0.578653347648358,1701.03,0.145279036818869,0.0457646249625227,0.0501819485840932,0.0466517345373097,0.0555351757464595,0.0653927326384602,0.0766770721268878,0.0846710522448164,0.0788392914880984,0.0646478898079399,0.0579278437182178,0.067572588372927,0.0493324632722527,0.0797834253364138,0.0699717230148792,0.107050434148722,0.0421062532700775,0.024814965050587,0.0211754054896151,0.018953810338442,46455,81.2,73.6,232,3552,21.9,60.8,17.3,106,26.1,92.64,15.08,0.86,42.41,90.19,56,22892,74.3067447143107,0.0714285714285714,0.0761438792319229,0.0778082054116524,0.0827123894987047,0.0871265402576943,77.5106796116505,0.289845821908572,1.25559510779354,0.000929533768148465,0.000588307647389541,0.000274364245745351,0.00232924217776276,0.0124408074942322,0.989507053321032,0.00299701469491847,0.000305290275483167,1
"78","zachodniopomorskie",2022,0.717640285369939,1640.62,0.143451690883092,0.0412014467683598,0.0530829161135228,0.0475350202545132,0.0464707897370631,0.0551833390019151,0.0666046170293949,0.0813807202390313,0.0848214884354836,0.0782538573784821,0.0626414859730029,0.0584156496743308,0.0491673280012093,0.069045154825426,0.0743468026151057,0.131849383953159,0.0611664356567204,0.030946189920652,0.0194852927731068,0.02025146560268,66443,80.7,72.8,214,3863,24.2,58.5,17.3,106,31.7,96.34,20.67,1.09,36.55,94.4,49,22892,71.6678315568758,0.139224662654527,0.156787024522109,0.163772412819427,0.174792810246475,0.187278010978366,76.8650485436893,0.366985143867013,1.50716201627174,0.00158910890174296,0.00100575681214075,0.00046904661258556,0.0033606851742277,0.0188432044914086,0.994931808916546,0.00356538565842558,0.000377280272098537,1
"79","łódzkie",2004,0.386444621230511,2587.7,NA,0.0427657435052413,0.0611333917120287,0.0707678086580294,0.0814390528739399,0.0778717951294237,0.0677234086459724,0.0600714456301382,0.0657996940915144,0.0835204362789842,0.0819120594256989,0.0677852395677709,0.0489210117702889,0.0421346816596347,0.0428152082426802,0.105339022808654,0.041128383407363,0.0333141142218076,0.020207504573556,0.0106890206059276,22472,78.5,69.1,495,5095,17.2,63.5,19.3,110,21.2,100.78,15.74,NA,50.13,99.01,99,18219,142.033042428234,0.0919339164237123,0.0976465730800991,0.103393628067107,0.109080426635918,NA,74.0238095238095,0.137264340550546,0.736615546295896,2.83612290968879e-05,0,0,0.00015177383260143,0.00222182638890272,0.97698822931717,0.000120893553259321,4.28919822761576e-05,0
"80","łódzkie",2006,0.528457904400785,2566.2,NA,0.0433224560224893,0.0564169249605837,0.0667391993914733,0.0803215496232169,0.07892804842027,0.0724955751660628,0.0622286355144849,0.0615431856778004,0.0768397450235718,0.0834814772671477,0.0747475448114292,0.0456235255424562,0.0477488486858769,0.0409048717207324,0.108658412172404,0.03974478976291,0.0342237816411672,0.022565678875909,0.0121241618924183,25856,78.6,68.5,524,5565,17.6,63.9,18.5,110,21.2,99.85,20.8,NA,44.3,98.14,103,18219,140.852955705582,0.0794472508662798,0.0846831612673549,0.0924684159378037,0.0982142857142857,0.103994753811684,73.7904761904762,0.153610308820262,0.723602334900208,5.67224581937758e-05,0,0,0.00018212656716952,0.0022834445859287,0.980297653079657,0.000128219114328255,8.57839645523152e-05,1
"81","łódzkie",2010,0.46853425759564,2542.44,NA,0.0494521789339043,0.0479304100476865,0.059386745625062,0.067823142844107,0.0802423345169751,0.0787980503737361,0.0704816168430592,0.0610430311716794,0.0629439639778543,0.0790308979262408,0.0807450020374161,0.0432097405795072,0.0696001787262295,0.0388764948262218,0.110436211570321,0.0368878508642892,0.0331654366127604,0.0241968726056428,0.0161860514876284,34908,79.4,70.1,452,5601,18.8,63.8,17.5,110,21,99.46,21.71,NA,42.13,96.45,131,18219,139.548822657665,0.062777811605675,0.0658197139938713,0.0717392060675643,0.0797493811881188,0.0860852502818019,74.9714285714286,0.201714613427707,0.812864362687875,0.000113444916387551,0,0,0.000242832036305699,0.00240668097998065,0.98691650060463,0.000142870236466121,0.00017156792910463,1
"82","łódzkie",2014,0.50354706028042,2504.14,0.139864607992537,0.0470158170323018,0.0439736499934508,0.0501079014877786,0.062417536427734,0.0706203656670405,0.0804093707370526,0.0779454470523965,0.0681181054064156,0.0601357114789293,0.0644553650440711,0.0796598108089976,0.0488751409667846,0.0753729030691624,0.0594768015794669,0.111416073248418,0.0346730369277068,0.0316743978761537,0.0252062986994317,0.0198623397451257,41622,80.8,71.7,349,4759,21.2,61.9,16.9,110,24.8,95.43,23.3,NA,42.99,94.37,96,18219,137.446621658708,0.0492588484420692,0.0496922842174864,0.0520677893839267,0.055975707574195,0.0594897399987822,76.4666666666667,0.281255124602048,1.0157254069356,0.000342611087967289,0.000108356850597813,1.09182063871258e-05,0.000391792928844485,0.0037737273423409,0.992154789030988,0.000317138555577861,0.000241791642228502,1
"83","łódzkie",2018,0.635102718867078,2466.32,0.143156895166162,0.0460187274816508,0.0477691071968705,0.0448745135468929,0.0532797420612556,0.064757156608099,0.073046422973156,0.0803589312344455,0.0768902033067864,0.0659443495212709,0.0593450490244177,0.0661718137372168,0.0493690604876411,0.0770373860347513,0.0687164936289746,0.126421043156571,0.0490256341223895,0.0298578206738617,0.0245268055022823,0.0230107828580372,51561,80.7,72,287,4580,23.7,59.4,16.9,110,29.5,95.95,21.79,0.92,47.06,94.41,75,18219,135.370766781931,0.0691535686144403,0.0738583514195863,0.0759698398596779,0.0801258949593965,0.0840728042754865,76.5571428571429,0.355339611300341,1.29260927903155,0.000944841763669598,0.000451132770135992,4.54568461999945e-05,0.000731685489005903,0.00783163056424391,0.994406377708053,0.000836722509972949,0.000278352327752279,1
"84","łódzkie",2022,0.761245549662236,2378.48,0.144000608791402,0.042984120550788,0.0527466456560757,0.0465082155306555,0.0463652672732998,0.0546226313158429,0.06475471971,0.0770028627490716,0.0808843283723281,0.0763831400098298,0.0645192755214143,0.0594244314548391,0.0482698425845381,0.0677599966028767,0.0729750853800511,0.144799437288389,0.0608387783305578,0.0377660887212564,0.0229015721365257,0.0232929981000495,76228,80,72.1,291,5284,25.4,57.3,17.3,110,34.1,97.1,26.09,1.09,39.59,95.87,66,18219,130.549426422965,0.148133086319341,0.165213593374658,0.175271327499866,0.190744942883187,0.203935636378717,76.2380952380952,0.426434932534887,1.4622868697543,0.00151100589785263,0.000771245892786716,7.77119470177593e-05,0.00105311945865131,0.0116293913722354,0.996946709831154,0.00132292258420904,0.000318167434345836,1
"85","śląskie",2004,0.380507645938127,4700.77,NA,0.0426387501114179,0.0608702274584318,0.0754076299398545,0.0852887749690423,0.079839668854322,0.0693890427761744,0.0642669043014433,0.0718971419794753,0.0850424324009827,0.0807654744296202,0.0598267816066769,0.0481008328208288,0.0479191604951613,0.0445252491559363,0.0842219287006323,0.0363474417281761,0.0250760992186175,0.014877133985042,0.00792125376879665,27235,78.4,70.2,440,4316,15.5,65.1,19.5,107,17.9,99.71,16.99,NA,58.12,97.93,92,12333,381.153814967972,0.133469285833195,0.139126285193701,0.146813770371727,0.154412826809187,NA,74.4386473429952,0.0992145118142965,0.733782856688044,0,0,0,0.00743861077446609,0.0344702317270516,0.909725907830737,1.85032577364235e-06,0.0620971360275412,0
"86","śląskie",2006,0.538060850572415,4669.14,NA,0.0429357716425969,0.0552436135414317,0.0694406696569409,0.0839656236259506,0.0818924353686773,0.0739740555910011,0.0645549702225486,0.067443726752931,0.0804454870353986,0.0822344685966593,0.0704543473451304,0.0453617017448835,0.0459932959773937,0.0458378068580982,0.0902220260403582,0.0368695542666664,0.0277269653899639,0.0164672829261596,0.00915822345756828,29714,78.8,70.5,435,4410,16.1,65.5,18.4,107,18.9,98.83,20.7,NA,51.5,97.02,92,12333,378.589151058137,0.0635312645406063,0.0651734899944924,0.0738721491593141,0.0770031668908073,0.081258011353232,74.7903381642512,0.111832349548994,0.717580962345625,0,0,0,0.00735009630175508,0.0246990949066385,0.90880145681458,1.32166126688739e-06,0.0888786371406404,1
"87","śląskie",2010,0.474516136754187,4634.94,NA,0.0500289648074892,0.0468405705797384,0.0579296149784193,0.0716456649338124,0.0834380633169613,0.0805295004137059,0.0706626953776051,0.0637292648116964,0.068171829809911,0.0813592855131733,0.0786134001879207,0.0427287545564285,0.0621191019938791,0.0417982129199223,0.100405075799337,0.0397582706122092,0.0297430276799998,0.0190259410326143,0.0118778364745137,39798,79.7,71.6,391,4631,17.6,65.2,17.3,107,19.8,98.75,23.17,NA,49.35,95.69,105,12333,375.816103137923,0.0388681510872119,0.0412568230306725,0.0452886428614879,0.0501110587601804,0.0532946776906833,75.7869565217391,0.142355131487084,0.786777601565109,0,0,0,0.00717306735633306,0.00515682126581234,0.906952554782266,2.64332253377479e-07,0.142441639366839,1
"88","śląskie",2014,0.510890344028194,4585.92,0.140262027892307,0.0483560128776665,0.0430284060529568,0.0483752020312591,0.0610452768079017,0.0745295822608486,0.083447959451574,0.0787357138932089,0.0682625791443556,0.0629733506268311,0.0689734500615361,0.0798489028601433,0.0488776089616836,0.0730116765999611,0.0517976311862124,0.108736647183861,0.0388131159609274,0.032581874448857,0.0220444124237558,0.0152972443503207,45867,80.4,73.2,294,4118,20,63.2,16.8,107,23,95.69,24.02,NA,48.17,94.49,91,12333,371.841401118949,0.0439027720879421,0.0435695893752541,0.0446507106152493,0.0484697723503694,0.0503537027852463,76.9217391304348,0.205250638555592,0.983184139746259,0.000192268592648111,7.03675944537185e-05,1.41082683201036e-05,0.0069433523501938,0.0130649921447195,0.913223064121354,0.000166756186808466,0.169643367505222,1
"89","śląskie",2018,0.622500748523134,4533.57,0.144691208794845,0.0472065581942687,0.0472405270465958,0.0436484312014937,0.0508354903922189,0.0638387229476141,0.0772167157634224,0.0830604612484877,0.0768298237700353,0.0657211267512432,0.0628079667987555,0.0696237949604781,0.0502441235539801,0.0759876609246807,0.065967731796059,0.119770864650667,0.0428380314388346,0.0333580747160347,0.024203910167826,0.0193708483279715,57472,80.9,73.5,253,4229,22.6,60.3,17,107,27.7,96.32,21.55,0.9,50.44,94.54,68,12333,367.596691802481,0.0752680124978952,0.0804423026934074,0.0828220858895705,0.0877101183857675,0.0915608357230643,77.3251207729469,0.303434145195341,1.25138853158047,0.000800490807299651,0.000292968350764828,5.87383458817384e-05,0.00659965638916951,0.0803594188146836,0.937059097407723,0.000695723726077322,0.139815149741208,1
"90","śląskie",2022,0.74534598783551,4346.7,0.146071665368364,0.042696278695894,0.0533843819981218,0.0455294611868953,0.0444120622945856,0.0524671348530449,0.06655183631176,0.0811875302240641,0.08384379697527,0.0766889471603989,0.0645293834267912,0.0626221903410908,0.0499910046743485,0.0695472107358636,0.0699765017247559,0.136572279397115,0.0570961616416308,0.0335403715276548,0.0252609909766071,0.0206747552512226,85131,80.2,72.8,267,5044,24.4,58.2,17.4,108,31.9,96.89,20.46,1.09,43.61,95.51,66,12333,352.444660666504,0.189063482086738,0.219594101328661,0.221408008374771,0.235523385300668,0.253250762409025,76.6423076923077,0.394051539294656,1.50427098254691,0.00136850011396262,0.000500851749642926,0.00010041768412594,0.00626697969906578,0.14191259474518,0.95919695868429,0.00118964841300297,0.115500383106962,1
"91","świętokrzyskie",2004,0.35024941068025,1288.69,NA,0.0449253623632626,0.067976624378343,0.0786331577807903,0.083391467168674,0.0753942172418101,0.0653801952831279,0.0591110528263908,0.0665309736298715,0.0806522577526222,0.0773496868532692,0.0601718174926069,0.053612458514169,0.0395066939915092,0.0436201639956142,0.103743870727939,0.0407288624986711,0.0329031041528122,0.019471666254104,0.0106402378223518,19449,80.3,70.9,451,4481,16.9,61.9,21.2,105,21.5,100.11,7.34,NA,64.07,98.9,115,11711,110.04098710614,0.0953480513629196,0.10061211148749,0.106224118459029,0.110943643512451,NA,75.7146341463415,0.141128036228901,0.74961716167279,0,0,0,0,0.00200934685232964,0.978042917053821,9.03702728278537e-05,0,0
"92","świętokrzyskie",2006,0.462419675386028,1279.84,NA,0.0440344793637945,0.0622430338839759,0.0742109548239699,0.0849998202897554,0.0773816686174344,0.0689290363311607,0.0604256163670715,0.0618500153925731,0.0762494940765941,0.0796686768169096,0.06928298737809,0.049333587532172,0.0424850645159778,0.0412013082905805,0.10770425631994,0.039698774376132,0.0344160745344333,0.021629299958276,0.0119601074510993,21911,80.3,70.9,430,4303,17.2,62.8,20,105,21.4,99.22,14.2,NA,55.6,98.05,110,11711,109.285287336692,0.100723399979906,0.1030901331688,0.112919576481189,0.11915374101147,0.125799974902748,75.7146341463415,0.154559957995072,0.718588698613555,0,0,0,0,0.00242107638145259,0.980942823150892,6.45501948770384e-05,0,1
"93","świętokrzyskie",2010,0.41388673241882,1282.55,NA,0.0484216550517486,0.0519934567649036,0.0650713502673588,0.0717369981271627,0.0824578611605354,0.0772674040541236,0.0686267782987901,0.0599144202235241,0.0638425444389519,0.0779535392882594,0.0769641010926704,0.0447703240273643,0.0627517453565018,0.0362365170527997,0.111991304795306,0.0381912227709571,0.0332643039703839,0.0245745571698793,0.0159612208840852,28870,80.9,71.8,357,4159,18.1,63.6,18.3,105,21,97.92,16.46,NA,52.11,95.32,100,11711,109.516693706771,0.0284635388835453,0.0288260336243596,0.0322997938311032,0.0364657021587331,0.0401386516628152,76.4609756097561,0.193568213623813,0.786969211495897,0,0,0,0,0.00324453543969847,0.986742635345033,1.29100389754077e-05,0,1
"94","świętokrzyskie",2014,0.454500053819695,1263.18,0.139005965914489,0.0447823581195336,0.0460917560181637,0.0545078437209067,0.0677015712774784,0.0735162795999924,0.0803609314933153,0.0756996649714687,0.0665386296129755,0.0595878959068253,0.0660747195956858,0.078451458862423,0.0481318517767912,0.0725385852802777,0.0539180605077994,0.112098393256363,0.0332313153511466,0.0329241530871391,0.0255815499977834,0.0203613748202942,32573,82.1,73.7,239,3009,20.4,62.6,17,105,23.9,94.3,19.67,NA,49.64,93.43,81,11711,107.862693194433,0.0469593725893546,0.0463912615501858,0.0473259693563539,0.0506061655697956,0.0520465961312386,78.0024390243902,0.276964162646451,0.944708169274424,0.000272867903493106,9.50050854242631e-05,3.32453865549238e-06,0.000145001032128014,0.00477818119651394,0.991673812886184,9.853189749067e-05,3.33732534262889e-05,1
"95","świętokrzyskie",2018,0.576970095024314,1241.55,0.137642906505276,0.0428578562534131,0.0474617936024924,0.0477138986392772,0.0575919055757902,0.0694118461982077,0.0742010364497167,0.0793897286125524,0.0746496706525574,0.0647160878453154,0.0599228703567971,0.0682431420180968,0.047323256649371,0.0760696744220512,0.066474379523594,0.123972853200767,0.0453547431992049,0.0292127718183619,0.0256688032501414,0.0237365349330593,40146,82.1,73.6,183,2705,23,60.5,16.6,105,28.3,93.58,23.69,1.19,52.54,92.29,57,11711,106.01571172402,0.0811116497010826,0.0864796577564673,0.0883439901448935,0.0924692229760845,0.0968115196708665,77.9536585365854,0.341966627213442,1.19368057291083,0.00113605787271313,0.000395544048465723,1.38413798924748e-05,0.00060369710761794,0.00784824392866621,0.994725787354523,0.000481106218567969,0.000138946159689843,1
"96","świętokrzyskie",2022,0.710942198798587,1178.16,0.13986507820643,0.0403483725525479,0.0527872180782981,0.0476028804139322,0.0487334530676544,0.0538082983353761,0.0639834522188761,0.0768381990962209,0.0799600055679854,0.0749725844619255,0.0641744273293022,0.0613726102647849,0.0467294875755837,0.0708636488638254,0.0734804322657966,0.144344929907891,0.0600722819573506,0.0360187546046221,0.0234228850991882,0.0248310082467297,56507,81.5,72.9,163,2814,25.5,57.6,16.9,106,33.9,90.62,26.39,1.35,46.77,89.66,42,11711,100.602852019469,0.116650857639712,0.131795753421599,0.138512800056316,0.147038310167887,0.158964830074864,77.3252427184466,0.46147172489944,1.44977828010529,0.00194217761665572,0.000676212731572257,2.3662895048289e-05,0.0010320662686446,0.0107697713645907,0.997959436452585,0.000834972237992619,0.000237539061830901,1
